Model,Precision,Recall,F1,Accuracy
Logistic Regression,0.46842105263157896,0.178714859437751,0.25872093023255816,0.8298865910607072
XGBoost,0.9825708061002179,0.9056224899598394,0.9425287356321839,0.9816544362908606
